"id","type","hook","text","duration_sec","opening_frame","retention_device","why_viral"
"vr_001","reel_script","POV: ты реально попал в ситуацию ""врач"" и английский нужен сейчас","POV: ты реально попал в ситуацию ""врач"" и английский нужен сейчас

Формат видео:
1. первый кадр — реальная взрослая ситуация, не студийная лекция
2. плохой вариант на экране: I have pain.
3. короткая пауза/реакция лицом
4. живой вариант:
• It hurts here.
• It started yesterday.
• It gets worse when I move.
5. финал: одна фраза, которую хочется сохранить

Смысл: не объяснять английский с доски, а показать момент, где он нужен.","28","Крупный живой кадр: врач. Текст: ""Английский нужен не потом, а сейчас""","каждая следующая фраза закрывает реальную проблему в сцене","реальная сцена вместо урока; лицо/эмоция; польза встроена в сюжет"
"vr_002","reel_script","POV: ты реально попал в ситуацию ""small talk"" и английский нужен сейчас","POV: ты реально попал в ситуацию ""small talk"" и английский нужен сейчас

Формат видео:
1. первый кадр — реальная взрослая ситуация, не студийная лекция
2. плохой вариант на экране: Normal.
3. короткая пауза/реакция лицом
4. живой вариант:
• Pretty good, thanks.
• Can't complain.
• How about you?
5. финал: одна фраза, которую хочется сохранить

Смысл: не объяснять английский с доски, а показать момент, где он нужен.","28","Крупный живой кадр: small talk. Текст: ""Английский нужен не потом, а сейчас""","каждая следующая фраза закрывает реальную проблему в сцене","реальная сцена вместо урока; лицо/эмоция; польза встроена в сюжет"
"vr_003","reel_script","POV: ты реально попал в ситуацию ""возврат денег"" и английский нужен сейчас","POV: ты реально попал в ситуацию ""возврат денег"" и английский нужен сейчас

Формат видео:
1. первый кадр — реальная взрослая ситуация, не студийная лекция
2. плохой вариант на экране: Give me my money back.
3. короткая пауза/реакция лицом
4. живой вариант:
• I'd like to request a refund.
• The issue hasn't been resolved.
• Could you explain my options?
5. финал: одна фраза, которую хочется сохранить

Смысл: не объяснять английский с доски, а показать момент, где он нужен.","28","Крупный живой кадр: возврат денег. Текст: ""Английский нужен не потом, а сейчас""","каждая следующая фраза закрывает реальную проблему в сцене","реальная сцена вместо урока; лицо/эмоция; польза встроена в сюжет"
"vr_004","reel_script","POV: ты реально попал в ситуацию ""рабочий звонок"" и английский нужен сейчас","POV: ты реально попал в ситуацию ""рабочий звонок"" и английский нужен сейчас

Формат видео:
1. первый кадр — реальная взрослая ситуация, не студийная лекция
2. плохой вариант на экране: I don't know.
3. короткая пауза/реакция лицом
4. живой вариант:
• Let me check that.
• I need a minute to think.
• What I mean is...
5. финал: одна фраза, которую хочется сохранить

Смысл: не объяснять английский с доски, а показать момент, где он нужен.","28","Крупный живой кадр: рабочий звонок. Текст: ""Английский нужен не потом, а сейчас""","каждая следующая фраза закрывает реальную проблему в сцене","реальная сцена вместо урока; лицо/эмоция; польза встроена в сюжет"
"vr_005","reel_script","POV: ты реально попал в ситуацию ""аренда"" и английский нужен сейчас","POV: ты реально попал в ситуацию ""аренда"" и английский нужен сейчас

Формат видео:
1. первый кадр — реальная взрослая ситуация, не студийная лекция
2. плохой вариант на экране: Fix it now.
3. короткая пауза/реакция лицом
4. живой вариант:
• The heating stopped working.
• Could someone take a look?
• It's quite urgent.
5. финал: одна фраза, которую хочется сохранить

Смысл: не объяснять английский с доски, а показать момент, где он нужен.","28","Крупный живой кадр: аренда. Текст: ""Английский нужен не потом, а сейчас""","каждая следующая фраза закрывает реальную проблему в сцене","реальная сцена вместо урока; лицо/эмоция; польза встроена в сюжет"
"vr_006","reel_script","POV: ты реально попал в ситуацию ""дедлайн на работе"" и английский нужен сейчас","POV: ты реально попал в ситуацию ""дедлайн на работе"" и английский нужен сейчас

Формат видео:
1. первый кадр — реальная взрослая ситуация, не студийная лекция
2. плохой вариант на экране: This is impossible.
3. короткая пауза/реакция лицом
4. живой вариант:
• I'm concerned about the timeline.
• To do it properly, we'll need more time.
• Can we adjust the deadline?
5. финал: одна фраза, которую хочется сохранить

Смысл: не объяснять английский с доски, а показать момент, где он нужен.","28","Крупный живой кадр: дедлайн на работе. Текст: ""Английский нужен не потом, а сейчас""","каждая следующая фраза закрывает реальную проблему в сцене","реальная сцена вместо урока; лицо/эмоция; польза встроена в сюжет"
"vr_007","reel_script","POV: ты реально попал в ситуацию ""презентация"" и английский нужен сейчас","POV: ты реально попал в ситуацию ""презентация"" и английский нужен сейчас

Формат видео:
1. первый кадр — реальная взрослая ситуация, не студийная лекция
2. плохой вариант на экране: I will tell about...
3. короткая пауза/реакция лицом
4. живой вариант:
• Today I'd like to walk you through...
• The main point is...
• Let me give you an example.
5. финал: одна фраза, которую хочется сохранить

Смысл: не объяснять английский с доски, а показать момент, где он нужен.","28","Крупный живой кадр: презентация. Текст: ""Английский нужен не потом, а сейчас""","каждая следующая фраза закрывает реальную проблему в сцене","реальная сцена вместо урока; лицо/эмоция; польза встроена в сюжет"
"vr_008","reel_script","POV: ты реально попал в ситуацию ""школа ребёнка"" и английский нужен сейчас","POV: ты реально попал в ситуацию ""школа ребёнка"" и английский нужен сейчас

Формат видео:
1. первый кадр — реальная взрослая ситуация, не студийная лекция
2. плохой вариант на экране: My child has problem.
3. короткая пауза/реакция лицом
4. живой вариант:
• I'd like to talk about something I'm concerned about.
• Could you tell me what you've noticed?
• What can we do at home?
5. финал: одна фраза, которую хочется сохранить

Смысл: не объяснять английский с доски, а показать момент, где он нужен.","28","Крупный живой кадр: школа ребёнка. Текст: ""Английский нужен не потом, а сейчас""","каждая следующая фраза закрывает реальную проблему в сцене","реальная сцена вместо урока; лицо/эмоция; польза встроена в сюжет"
"vr_009","reel_script","POV: ты реально попал в ситуацию ""ресторан"" и английский нужен сейчас","POV: ты реально попал в ситуацию ""ресторан"" и английский нужен сейчас

Формат видео:
1. первый кадр — реальная взрослая ситуация, не студийная лекция
2. плохой вариант на экране: This is wrong.
3. короткая пауза/реакция лицом
4. живой вариант:
• Sorry, I think there was a mix-up.
• I ordered it without cheese.
• Could you change it, please?
5. финал: одна фраза, которую хочется сохранить

Смысл: не объяснять английский с доски, а показать момент, где он нужен.","28","Крупный живой кадр: ресторан. Текст: ""Английский нужен не потом, а сейчас""","каждая следующая фраза закрывает реальную проблему в сцене","реальная сцена вместо урока; лицо/эмоция; польза встроена в сюжет"
"vr_010","reel_script","POV: ты реально попал в ситуацию ""несогласие на встрече"" и английский нужен сейчас","POV: ты реально попал в ситуацию ""несогласие на встрече"" и английский нужен сейчас

Формат видео:
1. первый кадр — реальная взрослая ситуация, не студийная лекция
2. плохой вариант на экране: You are wrong.
3. короткая пауза/реакция лицом
4. живой вариант:
• I see your point.
• I'm not sure I agree with that part.
• My concern is...
5. финал: одна фраза, которую хочется сохранить

Смысл: не объяснять английский с доски, а показать момент, где он нужен.","28","Крупный живой кадр: несогласие на встрече. Текст: ""Английский нужен не потом, а сейчас""","каждая следующая фраза закрывает реальную проблему в сцене","реальная сцена вместо урока; лицо/эмоция; польза встроена в сюжет"
"vr_011","roleplay_sketch","Тот самый момент, когда аэропорт, а ты переводишь с русского","Тот самый момент, когда аэропорт, а ты переводишь с русского

Скетч:
Русская мысль: Where I go?
Внутренний голос: звучит слишком резко.
Нормальный английский: Has the gate changed?
Если нужно мягче: Is the flight delayed?

Такой формат цепляет не потому, что он смешной сам по себе.
Он цепляет, потому что человек узнаёт свой стыд и получает выход.","35","Низко-полированный живой кадр, подпись: ""Where I go?""","","узнавание; комедийная роль; легко отправить другу"
"vr_012","roleplay_sketch","Тот самый момент, когда отель, а ты переводишь с русского","Тот самый момент, когда отель, а ты переводишь с русского

Скетч:
Русская мысль: My room is bad.
Внутренний голос: звучит слишком резко.
Нормальный английский: There seems to be a problem with my room.
Если нужно мягче: The key card isn't working.

Такой формат цепляет не потому, что он смешной сам по себе.
Он цепляет, потому что человек узнаёт свой стыд и получает выход.","35","Низко-полированный живой кадр, подпись: ""My room is bad.""","","узнавание; комедийная роль; легко отправить другу"
"vr_013","roleplay_sketch","Тот самый момент, когда телефонный звонок, а ты переводишь с русского","Тот самый момент, когда телефонный звонок, а ты переводишь с русского

Скетч:
Русская мысль: I don't hear.
Внутренний голос: звучит слишком резко.
Нормальный английский: Sorry, the line is breaking up.
Если нужно мягче: Could you repeat the last part?

Такой формат цепляет не потому, что он смешной сам по себе.
Он цепляет, потому что человек узнаёт свой стыд и получает выход.","35","Низко-полированный живой кадр, подпись: ""I don't hear.""","","узнавание; комедийная роль; легко отправить другу"
"vr_014","roleplay_sketch","Тот самый момент, когда банк, а ты переводишь с русского","Тот самый момент, когда банк, а ты переводишь с русского

Скетч:
Русская мысль: You took my money.
Внутренний голос: звучит слишком резко.
Нормальный английский: I don't recognize this charge.
Если нужно мягче: Could you check the details?

Такой формат цепляет не потому, что он смешной сам по себе.
Он цепляет, потому что человек узнаёт свой стыд и получает выход.","35","Низко-полированный живой кадр, подпись: ""You took my money.""","","узнавание; комедийная роль; легко отправить другу"
"vr_015","roleplay_sketch","Тот самый момент, когда собеседование, а ты переводишь с русского","Тот самый момент, когда собеседование, а ты переводишь с русского

Скетч:
Русская мысль: I have experience.
Внутренний голос: звучит слишком резко.
Нормальный английский: My main experience is in...
Если нужно мягче: I was responsible for...

Такой формат цепляет не потому, что он смешной сам по себе.
Он цепляет, потому что человек узнаёт свой стыд и получает выход.","35","Низко-полированный живой кадр, подпись: ""I have experience.""","","узнавание; комедийная роль; легко отправить другу"
"vr_016","roleplay_sketch","Тот самый момент, когда документы, а ты переводишь с русского","Тот самый момент, когда документы, а ты переводишь с русского

Скетч:
Русская мысль: What papers need?
Внутренний голос: звучит слишком резко.
Нормальный английский: Which documents do I need to provide?
Если нужно мягче: Is a copy enough?

Такой формат цепляет не потому, что он смешной сам по себе.
Он цепляет, потому что человек узнаёт свой стыд и получает выход.","35","Низко-полированный живой кадр, подпись: ""What papers need?""","","узнавание; комедийная роль; легко отправить другу"
"vr_017","roleplay_sketch","Тот самый момент, когда врач, а ты переводишь с русского","Тот самый момент, когда врач, а ты переводишь с русского

Скетч:
Русская мысль: I have pain.
Внутренний голос: звучит слишком резко.
Нормальный английский: It hurts here.
Если нужно мягче: It started yesterday.

Такой формат цепляет не потому, что он смешной сам по себе.
Он цепляет, потому что человек узнаёт свой стыд и получает выход.","35","Низко-полированный живой кадр, подпись: ""I have pain.""","","узнавание; комедийная роль; легко отправить другу"
"vr_018","roleplay_sketch","Тот самый момент, когда small talk, а ты переводишь с русского","Тот самый момент, когда small talk, а ты переводишь с русского

Скетч:
Русская мысль: Normal.
Внутренний голос: звучит слишком резко.
Нормальный английский: Pretty good, thanks.
Если нужно мягче: Can't complain.

Такой формат цепляет не потому, что он смешной сам по себе.
Он цепляет, потому что человек узнаёт свой стыд и получает выход.","35","Низко-полированный живой кадр, подпись: ""Normal.""","","узнавание; комедийная роль; легко отправить другу"
"vr_019","roleplay_sketch","Тот самый момент, когда возврат денег, а ты переводишь с русского","Тот самый момент, когда возврат денег, а ты переводишь с русского

Скетч:
Русская мысль: Give me my money back.
Внутренний голос: звучит слишком резко.
Нормальный английский: I'd like to request a refund.
Если нужно мягче: The issue hasn't been resolved.

Такой формат цепляет не потому, что он смешной сам по себе.
Он цепляет, потому что человек узнаёт свой стыд и получает выход.","35","Низко-полированный живой кадр, подпись: ""Give me my money back.""","","узнавание; комедийная роль; легко отправить другу"
"vr_020","roleplay_sketch","Тот самый момент, когда рабочий звонок, а ты переводишь с русского","Тот самый момент, когда рабочий звонок, а ты переводишь с русского

Скетч:
Русская мысль: I don't know.
Внутренний голос: звучит слишком резко.
Нормальный английский: Let me check that.
Если нужно мягче: I need a minute to think.

Такой формат цепляет не потому, что он смешной сам по себе.
Он цепляет, потому что человек узнаёт свой стыд и получает выход.","35","Низко-полированный живой кадр, подпись: ""I don't know.""","","узнавание; комедийная роль; легко отправить другу"
"vr_021","native_surprise","Английский странный: почему не ""I very like it"", а ""I really like it.""?","Английский странный: почему не ""I very like it"", а ""I really like it.""?

Русская логика говорит: I very like it
Живой английский говорит: I really like it.

Почему: very не усиливает глагол напрямую.

Это тот тип поста, который хочется переслать: вроде мелочь, но мозг щёлкает.","18","Крупный текст: ""I very like it"" зачёркнуто","сначала конфликт с русской логикой, потом быстрый ответ","когнитивный щелчок; английский кажется нелогичным; короткое объяснение"
"vr_022","native_surprise","Английский странный: почему не ""I wait you"", а ""I'll wait for you.""?","Английский странный: почему не ""I wait you"", а ""I'll wait for you.""?

Русская логика говорит: I wait you
Живой английский говорит: I'll wait for you.

Почему: wait почти всегда требует for перед человеком.

Это тот тип поста, который хочется переслать: вроде мелочь, но мозг щёлкает.","18","Крупный текст: ""I wait you"" зачёркнуто","сначала конфликт с русской логикой, потом быстрый ответ","когнитивный щелчок; английский кажется нелогичным; короткое объяснение"
"vr_023","native_surprise","Английский странный: почему не ""Open me the door"", а ""Open the door for me.""?","Английский странный: почему не ""Open me the door"", а ""Open the door for me.""?

Русская логика говорит: Open me the door
Живой английский говорит: Open the door for me.

Почему: for me уходит в конец.

Это тот тип поста, который хочется переслать: вроде мелочь, но мозг щёлкает.","18","Крупный текст: ""Open me the door"" зачёркнуто","сначала конфликт с русской логикой, потом быстрый ответ","когнитивный щелчок; английский кажется нелогичным; короткое объяснение"
"vr_024","native_surprise","Английский странный: почему не ""Discuss about it"", а ""Discuss it.""?","Английский странный: почему не ""Discuss about it"", а ""Discuss it.""?

Русская логика говорит: Discuss about it
Живой английский говорит: Discuss it.

Почему: discuss уже включает идею about.

Это тот тип поста, который хочется переслать: вроде мелочь, но мозг щёлкает.","18","Крупный текст: ""Discuss about it"" зачёркнуто","сначала конфликт с русской логикой, потом быстрый ответ","когнитивный щелчок; английский кажется нелогичным; короткое объяснение"
"vr_025","native_surprise","Английский странный: почему не ""I didn't went"", а ""I didn't go.""?","Английский странный: почему не ""I didn't went"", а ""I didn't go.""?

Русская логика говорит: I didn't went
Живой английский говорит: I didn't go.

Почему: после didn't глагол возвращается в базовую форму.

Это тот тип поста, который хочется переслать: вроде мелочь, но мозг щёлкает.","18","Крупный текст: ""I didn't went"" зачёркнуто","сначала конфликт с русской логикой, потом быстрый ответ","когнитивный щелчок; английский кажется нелогичным; короткое объяснение"
"vr_026","native_surprise","Английский странный: почему не ""Advices"", а ""Advice.""?","Английский странный: почему не ""Advices"", а ""Advice.""?

Русская логика говорит: Advices
Живой английский говорит: Advice.

Почему: advice обычно неисчисляемое.

Это тот тип поста, который хочется переслать: вроде мелочь, но мозг щёлкает.","18","Крупный текст: ""Advices"" зачёркнуто","сначала конфликт с русской логикой, потом быстрый ответ","когнитивный щелчок; английский кажется нелогичным; короткое объяснение"
"vr_027","native_surprise","Английский странный: почему не ""How is it called?"", а ""What is it called?""?","Английский странный: почему не ""How is it called?"", а ""What is it called?""?

Русская логика говорит: How is it called?
Живой английский говорит: What is it called?

Почему: русская конструкция переносится в английский.

Это тот тип поста, который хочется переслать: вроде мелочь, но мозг щёлкает.","18","Крупный текст: ""How is it called?"" зачёркнуто","сначала конфликт с русской логикой, потом быстрый ответ","когнитивный щелчок; английский кажется нелогичным; короткое объяснение"
"vr_028","native_surprise","Английский странный: почему не ""Make a photo"", а ""Take a photo.""?","Английский странный: почему не ""Make a photo"", а ""Take a photo.""?

Русская логика говорит: Make a photo
Живой английский говорит: Take a photo.

Почему: фото по-английски не делают, а берут.

Это тот тип поста, который хочется переслать: вроде мелочь, но мозг щёлкает.","18","Крупный текст: ""Make a photo"" зачёркнуто","сначала конфликт с русской логикой, потом быстрый ответ","когнитивный щелчок; английский кажется нелогичным; короткое объяснение"
"vr_029","native_surprise","Английский странный: почему не ""I have 30 years"", а ""I'm 30.""?","Английский странный: почему не ""I have 30 years"", а ""I'm 30.""?

Русская логика говорит: I have 30 years
Живой английский говорит: I'm 30.

Почему: возраст в английском — состояние, а не possession.

Это тот тип поста, который хочется переслать: вроде мелочь, но мозг щёлкает.","18","Крупный текст: ""I have 30 years"" зачёркнуто","сначала конфликт с русской логикой, потом быстрый ответ","когнитивный щелчок; английский кажется нелогичным; короткое объяснение"
"vr_030","native_surprise","Английский странный: почему не ""I live here 5 years"", а ""I've lived here for 5 years.""?","Английский странный: почему не ""I live here 5 years"", а ""I've lived here for 5 years.""?

Русская логика говорит: I live here 5 years
Живой английский говорит: I've lived here for 5 years.

Почему: срок до настоящего момента требует present perfect.

Это тот тип поста, который хочется переслать: вроде мелочь, но мозг щёлкает.","18","Крупный текст: ""I live here 5 years"" зачёркнуто","сначала конфликт с русской логикой, потом быстрый ответ","когнитивный щелчок; английский кажется нелогичным; короткое объяснение"