"lesson","number","en","ru","uk","pos","note"
"1","1","I","Я","Я","pronouns",""
"1","2","you","Ты / Вы","Ти / Ви","pronouns",""
"1","3","he","Он","Він","pronouns",""
"1","4","she","Она","Вона","pronouns",""
"1","5","we","Мы","Ми","pronouns",""
"1","6","they","Они","Вони","pronouns",""
"1","7","it","Это / Оно","Це / Воно","pronouns",""
"1","8","here","Здесь","Тут","adverbs",""
"1","9","outside","Снаружи / На улице","Зовні / Надворі","adverbs",""
"1","10","inside","Внутри","Всередині","adverbs",""
"1","11","together","Вместе","Разом","adverbs",""
"1","12","near","Близко / Рядом","Близько / Поруч","adjectives",""
"1","13","ready","Готовый","Готовий","adjectives",""
"1","14","busy","Занятый","Зайнятий","adjectives",""
"1","15","calm","Спокойный","Спокійний","adjectives",""
"1","16","happy","Счастливый","Щасливий","adjectives",""
"1","17","important","Важный","Важливий","adjectives",""
"1","18","okay","В порядке (хорошо)","В порядку (добре)","adjectives",""
"1","19","right","Правый / Правильный","Правий / Правильний","adjectives",""
"1","20","safe","В безопасности","В безпеці","adjectives",""
"1","21","sick","Больной","Хворий","adjectives",""
"1","22","cheap","Дешевый","Дешевий","adjectives",""
"1","23","sad","Грустный","Сумний","adjectives",""
"1","24","late","Поздний / Опаздывающий","Пізній / Запізнілий","adjectives",""
"1","25","tired","Уставший","Втомлений","adjectives",""
"1","26","free","Бесплатный / Свободный","Безкоштовний / Вільний","adjectives",""
"1","27","strong","Сильный","Сильний","adjectives",""
"1","28","kind","Добрый","Добрий","adjectives",""
"1","29","serious","Серьёзный","Серйозний","adjectives",""
"1","30","fine","Хорошо (в порядке)","Добре (в порядку)","adjectives",""
"1","31","smart","Умный","Розумний","adjectives",""
"1","32","nervous","Нервный / Нервничающий","Нервовий / Тривожний","adjectives",""
"1","33","hungry","Голодный","Голодний","adjectives",""
"1","34","broken","Сломанный","Зламаний","adjectives",""
"1","35","angry","Злой","Злий","adjectives",""
"1","36","empty","Пустой","Порожній","adjectives",""
"1","37","friend","Друг","Друг","nouns","первая форма: friends -> friend"
"2","1","sure","Уверенный","Впевнений","adjectives",""
"2","2","expensive","Дорогой","Дорогий","adjectives",""
"2","3","scary","Страшный","Страшний","adjectives",""
"2","4","open","Открытый","Відкритий","adjectives",""
"2","5","funny","Смешной","Смішний","adjectives",""
"2","6","afraid","Испуганный / Боящийся","Наляканий / Боязливий","adjectives",""
"2","7","far","Далеко / Далёкий","Далеко / Далекий","adjectives",""
"2","8","wrong","Неправильный / Неправый","Неправильний / Неправий","adjectives",""
"2","9","true","Правда / Истинный","Правда / Істинний","adjectives",""
"2","10","dangerous","Опасный","Небезпечний","adjectives",""
"3","1","me","Меня / Мне","Мене / Мені","pronouns",""
"3","2","him","Его / Ему","Його / Йому","pronouns",""
"3","3","her","Её / Ей","Її / Їй","pronouns",""
"3","4","us","Нас / Нам","Нас / Нам","pronouns",""
"3","5","them","Их / Им","Їх / Їм","pronouns",""
"3","6","work","Работать","Працювати","verbs",""
"3","7","understand","Понимать","Розуміти","verbs",""
"3","8","live","Жить","Жити","verbs",""
"3","9","drink","Пить","Пити","verbs",""
"3","10","speak","Говорить","Говорити","verbs",""
"3","11","watch","Смотреть","Дивитися","verbs",""
"3","12","help","Помогать","Допомагати","verbs",""
"3","13","know","Знать","Знати","verbs",""
"3","14","eat","Есть / Кушать","Їсти","verbs",""
"3","15","love","Любить","Любити","verbs",""
"3","16","buy","Покупать","Купувати","verbs",""
"3","17","cost","Стоить","Коштувати","verbs",""
"3","18","read","Читать","Читати","verbs",""
"3","19","hear","Слышать","Чути","verbs",""
"3","20","write","Писать","Писати","verbs",""
"3","21","listen","Слушать","Слухати","verbs",""
"3","22","wash","Мыть","Мити","verbs",""
"3","23","drive","Водить / Ехать","Водити / Їхати","verbs",""
"3","24","need","Нуждаться / Нужно","Потребувати / Потрібно","verbs",""
"3","25","call","Звонить","Телефонувати / Дзвонити","verbs",""
"3","26","cook","Готовить","Готувати","verbs",""
"3","27","feel","Чувствовать","Відчувати","verbs",""
"3","28","travel","Путешествовать","Подорожувати","verbs",""
"3","29","teach","Преподавать / Учить","Викладати / Навчати","verbs",""
"3","30","forget","Забывать","Забувати","verbs",""
"3","31","remember","Помнить","Пам'ятати","verbs",""
"3","32","wear","Носить (одежду)","Носити (одяг)","verbs",""
"3","33","order","Заказывать","Замовляти","verbs",""
"3","34","use","Использовать","Використовувати","verbs",""
"3","35","trust","Доверять","Довіряти","verbs",""
"3","36","wait","Ждать","Чекати","verbs",""
"3","37","come","Приходить","Приходити","verbs",""
"3","38","look","Выглядеть / Смотреть","Виглядати / Дивитися","verbs",""
"3","39","sound","Звучать","Звучати","verbs",""
"3","40","take","Брать / Занимать","Брати / Займати","verbs",""
"3","41","coffee","Кофе","Кава","nouns",""
"3","42","english","Английский","Англійська","nouns",""
"3","43","tv","Телевизор","Телевізор","nouns",""
"3","44","people","Люди","Люди","nouns",""
"3","45","meat","Мясо","М'ясо","nouns",""
"3","46","music","Музыка","Музика","nouns",""
"3","47","food","Еда","Їжа","nouns",""
"3","48","money","Деньги","Гроші","nouns",""
"3","49","book","Книга","Книжка","nouns","первая форма: books -> book"
"3","50","message","Сообщение","Повідомлення","nouns","первая форма: messages -> message"
"3","51","dish","Блюдо","Страва","nouns","первая форма: dishes -> dish"
"3","52","car","Машина","Машина","nouns","первая форма: cars -> car"
"3","53","dinner","Ужин","Вечеря","nouns",""
"3","54","time","Время","Час","nouns",""
"3","55","name","Имя","Ім'я","nouns","первая форма: names -> name"
"3","56","glasses","Очки","Окуляри","nouns",""
"3","57","pizza","Пицца","Піца","nouns",""
"3","58","app","Приложение","Застосунок","nouns","первая форма: apps -> app"
"3","59","rest","Отдых","Відпочинок","nouns",""
"3","60","tea","Чай","Чай","nouns",""
"3","61","often","Часто","Часто","adverbs",""
"3","62","well","Хорошо","Добре","adverbs",""
"4","1","do","Делать","Робити","verbs",""
"4","2","smoke","Курить","Курити","verbs",""
"4","3","pay","Платить","Платити","verbs",""
"4","4","sell","Продавать","Продавати","verbs",""
"4","5","lose","Терять","Втрачати","verbs",""
"4","6","break","Ломать","Ламати","verbs",""
"4","7","waste","Тратить зря","Витрачати даремно","verbs",""
"4","8","share","Делиться","Ділитися","verbs",""
"4","9","send","Отправлять","Надсилати","verbs",""
"4","10","check","Проверять","Перевіряти","verbs",""
"4","11","skip","Пропускать","Пропускати","verbs",""
"4","12","carry","Носить с собой","Носити з собою","verbs",""
"4","13","ask","Спрашивать / Просить","Питати / Просити","verbs",""
"4","14","believe","Верить","Вірити","verbs",""
"4","15","see","Видеть","Бачити","verbs",""
"4","16","like","Нравиться / Любить","Подобатися / Любити","verbs",""
"4","17","milk","Молоко","Молоко","nouns",""
"4","18","sugar","Сахар","Цукор","nouns",""
"4","19","cash","Наличные","Готівка","nouns",""
"4","20","ticket","Билет","Квиток","nouns","первая форма: tickets -> ticket"
"4","21","things","Вещи","Речі","nouns",""
"4","22","map","Карта","Карта","nouns","первая форма: maps -> map"
"4","23","breakfast","Завтрак","Сніданок","nouns",""
"5","1","sing","Петь","Співати","verbs",""
"5","2","code","Код","Код","nouns",""
"5","3","room","Номер","Номер","nouns",""
"5","4","table","Стол","Стіл","nouns",""
"5","5","vegetable","Овощ","Овоч","nouns",""
"5","6","job","Работа","Робота","nouns",""
"5","7","luck","Удача","Вдача","nouns",""
"5","8","noise","Шум","Шум","nouns",""
"5","9","mask","Маска","Маска","nouns",""
"5","10","price","Цена","Ціна","nouns",""
"5","11","credit","Кредит","Кредит","nouns",""
"5","12","card","Карта (карточка)","Картка","nouns",""
"5","13","rule","Правило","Правило","nouns",""
"5","14","tax","Налог","Податок","nouns",""
"5","15","mistake","Ошибка","Помилка","nouns",""
"5","16","tomorrow","Завтра","Завтра","adverbs",""
"5","17","much","Много","Багато","adverbs",""
"5","18","correctly","Правильно","Правильно","adverbs",""
"5","19","enough","Достаточно","Достатньо","adverbs",""
"5","20","cold","Холодный","Холодний","adjectives",""
"6","1","where","Где","Де","adverbs",""
"6","2","what","Что","Що","adverbs",""
"6","3","when","Когда","Коли","adverbs",""
"6","4","who","Кто","Хто","adverbs",""
"6","5","why","Почему","Чому","adverbs",""
"6","6","how","Как","Як","adverbs",""
"6","7","which","Какой (из)","Який (з)","adverbs",""
"6","8","start","Начинать","Починати","verbs",""
"6","9","cry","Плакать","Плакати","verbs",""
"6","10","usually","Обычно","Зазвичай","adverbs",""
"6","11","now","Сейчас","Зараз","adverbs",""
"6","12","sign","Подписывать","Підписувати","verbs",""
"6","13","want","Хотеть","Хотіти","verbs",""
"6","14","finish","Заканчивать","Закінчувати","verbs",""
"6","15","slowly","Медленно","Повільно","adverbs",""
"6","16","always","Всегда","Завжди","adverbs",""
"6","17","door","Дверь","Двері","nouns",""
"6","18","home","Дом; домой","Дім; додому","nouns",""
"6","19","report","Отчёт","Звіт","nouns",""
"6","20","exit","Выход","Вихід","nouns",""
"6","21","bag","Сумка","Сумка","nouns",""
"6","22","shop","Магазин","Магазин","nouns",""
"6","23","guest","Гость","Гість","nouns",""
"6","24","mail","Почта","Пошта","nouns",""
"6","25","groceries","Продукты (бакалея)","Продукти (бакалія)","nouns",""
"6","26","meeting","Встреча","Зустріч","nouns",""
"6","27","luggage","Багаж","Багаж","nouns",""
"6","28","way","Путь; дорога","Шлях; дорога","nouns",""
"6","29","bill","Счёт (в ресторане)","Рахунок (у ресторані)","nouns",""
"6","30","cafe","Кафе (заведение; не напиток «кофе»)","Кафе (заклад; не напій «кава»)","nouns",""
"7","1","my","Мой (моя, моё)","Мій (моя, моє)","adjectives",""
"7","2","his","Его","Його","adjectives",""
"7","3","this","Этот (эта, это)","Цей (ця, це)","adjectives",""
"7","4","have","Иметь (обладать)","Мати (володіти)","verbs",""
"7","5","about","О; про (насчёт)","Про; щодо","nouns",""
"7","6","for","Для","Для","nouns",""
"7","7","with","С; со (предлог «с»)","З; із (прийменник «з»)","nouns",""
"7","8","and","И","І; та","nouns",""
"7","9","insurance","Страховка","Страховка","nouns",""
"7","10","driver","Водитель","Водій","nouns",""
"7","11","license","Водительские права","Посвідчення водія","nouns",""
"7","12","allergy","Аллергия","Алергія","nouns",""
"7","13","nut","Орех (плод)","Горіх (плід)","nouns",""
"7","14","reservation","Бронь; резерв (столика, места)","Бронь; резервування місця","nouns",""
"7","15","booking","Бронирование (номер, билет, запись)","Бронювання (номер, квиток, запис)","nouns",""
"7","16","lighter","Зажигалка","Запальничка","nouns",""
"7","17","pass","Пропуск","Пропуск","nouns",""
"7","18","change","Сдача","Решта","nouns",""
"7","19","tablet","Планшет","Планшет","nouns",""
"7","20","charger","Зарядное устройство","Зарядний пристрій","nouns",""
"7","21","passport","Паспорт","Паспорт","nouns",""
"7","22","menu","Меню","Меню","nouns",""
"7","23","device","Устройство","Пристрій","nouns",""
"7","24","discount","Скидка","Знижка","nouns",""
"7","25","city","Город","Місто","nouns",""
"7","26","guide","Путеводитель","Путівник","nouns",""
"7","27","hotel","Отель","Готель","nouns",""
"7","28","wi-fi","Wi-Fi","Wi-Fi","nouns",""
"7","29","lunch","Обед","Обід","nouns",""
"7","30","spare","Запасной","Запасний","adjectives",""
"7","31","key","Ключ","Ключ","nouns",""
"7","32","appetite","Аппетит","Апетит","nouns",""
"7","33","international","Международный","Міжнародний","adjectives",""
"7","34","question","Вопрос","Питання","nouns",""
"7","35","phone","Телефон","Телефон","nouns",""
"7","36","address","Адрес","Адреса","nouns",""
"7","37","return","Обратный (о билете)","Зворотний (про квиток)","adjectives",""
"7","38","confirmation","Подтверждение","Підтвердження","nouns",""
"7","39","power bank","Внешний аккумулятор (power bank)","Зовнішній акумулятор (павербанк)","nouns",""
"7","40","document","Документ","Документ","nouns",""
"7","41","policy","Политика (компании)","Політика (компанії)","nouns",""
"7","42","issue","Спорный вопрос; пункт","Спірне питання; пункт","nouns",""
"7","43","number","Номер","Номер","nouns",""
"7","44","all","Все (целиком)","Усі; все","adjectives",""
"7","45","needed","Нужный; необходимый","Потрібний; необхідний","adjectives",""
"7","46","umbrella","Зонт","Парасоля","nouns",""
"7","47","headache","Головная боль","Головний біль","nouns",""
"7","48","pen","Ручка","Ручка","nouns",""
"7","49","suitcase","Чемодан","Валіза","nouns",""
"7","50","bicycle","Велосипед","Велосипед","nouns",""
"7","51","dog","Собака","Собака","nouns",""
"7","52","backpack","Рюкзак","Рюкзак","nouns",""
"7","53","plan","План","План","nouns",""
"7","54","good","Хороший","Гарний","adjectives",""
"7","55","news","Новости","Новини","nouns",""
"8","1","on","В / по (дни недели)","У / по (дні тижня)","adverbs",""
"8","2","in","В (месяцы, сезоны, части суток)","У (місяці, пори року, частини доби)","adverbs",""
"8","3","at","В / о (точное время, час)","О / у (точний час, година)","adverbs",""
"8","4","monday","Понедельник","Понеділок","nouns",""
"8","5","tuesday","Вторник","Вівторок","nouns",""
"8","6","wednesday","Среда","Середа","nouns",""
"8","7","thursday","Четверг","Четвер","nouns",""
"8","8","friday","Пятница","П'ятниця","nouns",""
"8","9","saturday","Суббота","Субота","nouns",""
"8","10","sunday","Воскресенье","Неділя","nouns",""
"8","11","weekend","Выходные","Вихідні","nouns",""
"8","12","morning","Утро","Ранок","nouns",""
"8","13","noon","Полдень","Полудень","nouns",""
"8","14","afternoon","День (после полудня)","Після полудня (друга половина дня)","nouns",""
"8","15","evening","Вечер","Вечір","nouns",""
"8","16","night","Ночь","Ніч","nouns",""
"8","17","midnight","Полночь","Північ","nouns",""
"8","18","o'clock","Ровно (указание часа)","Рівно (на годиннику)","nouns",""
"8","19","one","Один","Один","nouns",""
"8","20","two","Два","Два","nouns",""
"8","21","five","Пять","П'ять","nouns",""
"8","22","six","Шесть","Шість","nouns",""
"8","23","seven","Семь","Сім","nouns",""
"8","24","eight","Восемь","Вісім","nouns",""
"8","25","nine","Девять","Дев'ять","nouns",""
"8","26","ten","Десять","Десять","nouns",""
"8","27","fifteen","Пятнадцать","П'ятнадцять","nouns",""
"8","28","thirty","Тридцать","Тридцять","nouns",""
"8","29","january","Январь","Січень","nouns",""
"8","30","february","Февраль","Лютий","nouns",""
"8","31","march","Март","Березень","nouns",""
"8","32","april","Апрель","Квітень","nouns",""
"8","33","june","Июнь","Червень","nouns",""
"8","34","july","Июль","Липень","nouns",""
"8","35","august","Август","Серпень","nouns",""
"8","36","september","Сентябрь","Вересень","nouns",""
"8","37","october","Октябрь","Жовтень","nouns",""
"8","38","november","Ноябрь","Листопад","nouns",""
"8","39","december","Декабрь","Грудень","nouns",""
"8","40","spring","Весна","Весна","nouns",""
"8","41","summer","Лето","Літо","nouns",""
"8","42","winter","Зима","Зима","nouns",""
"8","43","birthday","День рождения","День народження","nouns",""
"8","44","vacation","Отпуск","Відпустка","nouns",""
"8","45","rent","Аренда","Оренда","nouns",""
"8","46","gym","Спортзал","Спортзал","nouns",""
"8","47","train","Поезд","Потяг","nouns",""
"8","48","park","Парк","Парк","nouns",""
"8","49","sport","Спорт","Спорт","nouns",""
"8","50","visit","Посещать","Відвідувати","verbs",""
"8","51","mother","Мама","Мама","nouns",""
"8","52","arrive","Прибывать","Прибувати","verbs",""
"8","53","depart","Отправляться","Відправлятися","verbs",""
"8","54","relax","Отдыхать","Відпочивати","verbs",""
"8","55","class","Занятие (урок)","Заняття (урок)","nouns",""
"8","56","shower","Душ","Душ","nouns",""
"9","1","bed","Кровать","Ліжко","nouns",""
"9","2","fridge","Холодильник","Холодильник","nouns",""
"9","3","lift","Лифт","Ліфт","nouns",""
"9","4","street","Улица","Вулиця","nouns",""
"9","5","towel","Полотенце","Рушник","nouns",""
"9","6","space","Место (пространство)","Місце (простір)","nouns",""
"9","7","parking lot","Парковка","Парковка","nouns",""
"9","8","shelf","Полка","Полиця","nouns",""
"9","9","shelves","Полки","Полиці","nouns",""
"9","10","district","Район","Район","nouns",""
"9","11","first aid kit","Аптечка","Аптечка","nouns",""
"9","12","ice","Лед","Лід","nouns",""
"9","13","glass","Стакан","Склянка","nouns",""
"9","14","wall","Стена","Стіна","nouns",""
"9","15","garden","Сад","Сад","nouns",""
"9","16","plate","Тарелка","Тарілка","nouns",""
"9","17","living room","Гостиная","Вітальня","nouns",""
"9","18","information","Информация","Інформація","nouns",""
"9","19","apartment","Квартира","Квартира","nouns",""
"9","20","coffeemaker","Кофемашина","Кавомашина","nouns",""
"9","21","desk","Письменный стол","Письмовий стіл","nouns",""
"9","22","library","Библиотека","Бібліотека","nouns",""
"9","23","wallet","Кошелек","Гаманець","nouns",""
"9","24","furniture","Мебель","Меблі","nouns",""
"9","25","supermarket","Супермаркет","Супермаркет","nouns",""
"9","26","museum","Музей","Музей","nouns",""
"9","27","link","Ссылка","Посилання","nouns",""
"9","28","email","Электронное письмо","Електронний лист","nouns",""
"9","29","group","Группа","Група","nouns",""
"9","30","video","Видео","Відео","nouns",""
"9","31","profile","Профиль","Профіль","nouns",""
"9","32","house","Дом","Будинок","nouns",""
"9","33","country","Страна","Країна","nouns",""
"9","34","any","Любой / какой-нибудь","Будь-який","adjectives",""
"9","35","apple","Яблоко","Яблуко","nouns",""
"9","36","beautiful","Красивый","Гарний","adjectives",""
"9","37","bedroom","Спальня","Спальня","nouns",""
"9","38","big","Большой","Великий","nouns",""
"9","39","classroom","Класс","Класна кімната","nouns",""
"9","40","clean","Чистый","Чистий","adjectives",""
"9","41","clock","Часы","Годинник","nouns",""
"9","42","dessert","Десерт","Десерт","nouns",""
"9","43","famous","Известный","Відомий","adjectives",""
"9","44","film","Фильм","Фільм","nouns",""
"9","45","machine","Машина (механизм)","Машина (механізм)","nouns",""
"9","46","magazine","Журнал","Журнал","nouns",""
"9","47","many","Много","Багато","nouns",""
"9","48","mirror","Зеркало","Дзеркало","nouns",""
"9","49","mountain","Гора","Гора","nouns",""
"9","50","new","Новый","Новий","nouns",""
"9","51","note","Записка","Записка","nouns",""
"9","52","old","Старый","Старий","nouns",""
"9","53","pharmacy","Аптека","Аптека","nouns",""
"9","54","photo","Фото","Фото","nouns",""
"9","55","place","Место","Місце","nouns",""
"9","56","pocket","Карман","Кишеня","nouns",""
"9","57","pool","Бассейн","Басейн","nouns",""
"9","58","printer","Принтер","Принтер","nouns",""
"9","59","quiet","Тихий","Тихий","nouns",""
"9","60","sky","Небо","Небо","nouns",""
"9","61","some","Некоторые","Деякі","nouns",""
"9","62","star","Звезда","Зірка","nouns",""
"9","63","student","Учащийся","Студент","nouns",""
"9","64","task","Задача","Завдання","nouns",""
"9","65","there","Там","Там","adverbs",""
"9","66","toy","Игрушка","Іграшка","nouns",""
"9","67","tree","Дерево","Дерево","nouns",""
"9","68","useful","Полезный","Корисний","adjectives",""
"9","69","window","Окно","Вікно","nouns",""
"10","1","can't","Нельзя / не могу","Не можна / не можу","verbs",""
"10","2","mustn't","Нельзя (запрет)","Не можна (заборона)","verbs",""
"10","3","have to","Нужно / приходится","Потрібно / доводиться","verbs",""
"10","4","translate","Переводить","Перекладати","verbs",""
"10","5","fix","Починить","Полагодити","verbs",""
"10","6","explain","Объяснять","Пояснювати","verbs",""
"10","7","discuss","Обсуждать","Обговорювати","verbs",""
"10","8","repair","Ремонтировать","Ремонтувати","verbs",""
"10","9","save","Экономить / Сохранять","Економити / Зберігати","verbs",""
"10","10","protect","Защищать","Захищати","verbs",""
"10","11","organize","Организовывать","Організувати","verbs",""
"10","12","answer","Отвечать","Відповідати","verbs",""
"10","13","study","Учиться / Изучать","Вчитися / Вивчати","verbs",""
"10","14","print","Распечатывать","Роздруковувати","verbs",""
"10","15","password","Пароль","Пароль","nouns",""
"10","16","computer","Компьютер","Комп'ютер","nouns",""
"10","17","energy","Энергия","Енергія","nouns",""
"10","18","suit","Костюм","Костюм","nouns",""
"10","19","medicine","Лекарство","Ліки","nouns",""
"10","20","gift","Подарок","Подарунок","nouns",""
"10","21","project","Проект","Проект","nouns",""
"10","22","bike","Велосипед (разг.)","Велосипед (розм.)","nouns",""
"10","23","taxi","Такси","Таксі","nouns",""
"10","24","holiday","Праздник","Свято","nouns",""
"10","25","nature","Природа","Природа","nouns",""
"11","1","yesterday","Вчера","Вчора","adverbs",""
"11","2","ago","Назад (тому)","Тому (назад)","adverbs",""
"11","3","day","День","День","nouns",""
"11","4","hour","Час (единица времени)","Година","nouns",""
"11","5","minute","Минута","Хвилина","nouns",""
"11","6","week","Неделя","Тиждень","nouns",""
"11","7","month","Месяц","Місяць","nouns",""
"11","8","last","Последний (прошлый)","Минулий / останній","adjectives",""
"11","9","three","Три","Три","nouns",""
"11","10","paint","Красить","Фарбувати","verbs",""
"11","11","confirm","Подтверждать","Підтверджувати","verbs",""
"11","12","upload","Загружать (в сеть)","Завантажувати (в мережу)","verbs",""
"11","13","iron","Гладить (одежду)","Прасувати (одяг)","verbs",""
"11","14","deliver","Доставлять","Доставляти","verbs",""
"11","15","post","Отправлять (почтой)","Надсилати (поштою)","verbs",""
"11","16","cancel","Отменять","Скасовувати","verbs",""
"11","17","miss","Пропускать / скучать","Пропускати / сумувати","verbs",""
"11","18","lock","Запирать (на замок)","Замикати","verbs",""
"11","19","close","Закрывать","Закривати","verbs",""
"11","20","move","Передвигать / переезжать","Пересувати / переїжджати","verbs",""
"11","21","water","Поливать","Поливати","verbs",""
"11","22","attend","Посещать (мероприятие)","Відвідувати (захід)","verbs",""
"11","23","prepare","Готовить / подготавливать","Готувати / підготовлювати","verbs",""
"11","24","booke","Забронировал(а)","Забронював(ла)","verbs","первая форма: booked -> booke"
"11","25","visite","Посетил(а)","Відвідав(ла)","verbs","первая форма: visited -> visite"
"11","26","painte","Покрасил(а)","Пофарбував(ла)","verbs","первая форма: painted -> painte"
"11","27","checke","Проверил(а)","Перевірив(ла)","verbs","первая форма: checked -> checke"
"11","28","parke","Припарковал(а)","Припаркував(ла)","verbs","первая форма: parked -> parke"
"11","29","confirme","Подтвердил(а)","Підтвердив(ла)","verbs","первая форма: confirmed -> confirme"
"11","30","uploade","Загрузил(а) (в сеть)","Завантажив(ла) (в мережу)","verbs","первая форма: uploaded -> uploade"
"11","31","irone","Погладил(а)","Випрасував(ла)","verbs","первая форма: ironed -> irone"
"11","32","delivere","Доставил(а)","Доставив(ла)","verbs","первая форма: delivered -> delivere"
"11","33","rente","Арендовал(а)","Орендував(ла)","verbs","первая форма: rented -> rente"
"11","34","washe","Вымыл(а) / постирал(а)","Вимив(ла) / випрала","verbs","первая форма: washed -> washe"
"11","35","cancele","Отменил(а)","Скасував(ла)","verbs","первая форма: canceled -> cancele"
"11","36","misse","Пропустил(а)","Пропустив(ла)","verbs","первая форма: missed -> misse"
"11","37","locke","Запер(ла) на замок","Замкнув(ла)","verbs","первая форма: locked -> locke"
"11","38","returne","Вернул(а) / отдал(а) назад","Повернув(ла)","verbs","первая форма: returned -> returne"
"11","39","watere","Полил(а)","Полив(ла)","verbs","первая форма: watered -> watere"
"11","40","attende","Посетил(а) (мероприятие)","Відвідав(ла) (захід)","verbs","первая форма: attended -> attende"
"11","41","cooke","Приготовил(а) (еду)","Приготував(ла) (їжу)","verbs","первая форма: cooked -> cooke"
"11","42","opene","Открыл(а)","Відкрив(ла)","verbs","первая форма: opened -> opene"
"11","43","ordere","Заказал(а)","Замовив(ла)","verbs","первая форма: ordered -> ordere"
"11","44","calle","Позвонил(а)","Подзвонив(ла)","verbs","первая форма: called -> calle"
"11","45","answere","Ответил(а)","Відповів(ла)","verbs","первая форма: answered -> answere"
"11","46","charge","Зарядил(а)","Зарядив(ла)","verbs","первая форма: charged -> charge"
"11","47","cleane","Почистил(а)","Прибрав(ла)","verbs","первая форма: cleaned -> cleane"
"11","48","delete","Удалил(а)","Видалив(ла)","verbs","первая форма: deleted -> delete"
"11","49","discusse","Обсудил(а)","Обговорив(ла)","verbs","первая форма: discussed -> discusse"
"11","50","finishe","Закончил(а)","Закінчив(ла)","verbs","первая форма: finished -> finishe"
"11","51","fixe","Починил(а)","Відремонтував(ла)","verbs","первая форма: fixed -> fixe"
"11","52","helpe","Помог(ла)","Допоміг(ла)","verbs","первая форма: helped -> helpe"
"11","53","maile","Отправил(а) почтой","Надіслав(ла) поштою","verbs","первая форма: mailed -> maile"
"11","54","packe","Упаковал(а)","Упакував(ла)","verbs","первая форма: packed -> packe"
"11","55","printe","Распечатал(а)","Роздрукував(ла)","verbs","первая форма: printed -> printe"
"11","56","turne","Выключил(а) (с off) / повернул(а)","Вимкнув(ла) (з off) / повернув(ла)","verbs","первая форма: turned -> turne"
"11","57","watche","Посмотрел(а)","Дивився / дивилась","verbs","первая форма: watched -> watche"
"11","58","brushe","Почистил(а) щёткой","Почистив(ла) щіткою","verbs","первая форма: brushed -> brushe"
"11","59","shirt","Рубашка","Сорочка","nouns",""
"11","60","shoe","Туфля / ботинок","Туфля / черевик","nouns",""
"11","61","laptop","Ноутбук","Ноутбук","nouns",""
"11","62","battery","Батарейка","Батарейка","nouns",""
"11","63","plant","Растение","Рослина","nouns",""
"11","64","parcel","Посылка","Посилка","nouns",""
"11","65","lecture","Лекция","Лекція","nouns",""
"11","66","movie","Фильм (разг.)","Фільм (розм.)","nouns",""
"11","67","present","Подарок","Подарунок","nouns",""
"11","68","dirty","Грязный","Брудний","adjectives",""
"11","69","item","Товар (позиция)","Товар (позиція)","nouns",""
"11","70","doctor","Врач","Лікар","nouns",""
"11","71","hair","Волосы","Волосся","nouns",""
"11","72","sister","Сестра","Сестра","nouns",""
"11","73","man","Мужчина","Чоловік","nouns",""
"11","74","woman","Женщина","Жінка","nouns",""
"11","75","long","Длинный","Довгий","adjectives",""
"11","76","white","Белый","Білий","adjectives",""
"11","77","difficult","Сложный","Складний","adjectives",""
"11","78","shoes","Обувь","Взуття","nouns",""
"12","1","boat","Лодка","Човен","nouns",""
"12","2","box","Ящик / коробка","Ящик / коробка","nouns",""
"12","3","bridge","Мост","Міст","nouns",""
"12","4","fence","Забор","Паркан","nouns",""
"12","5","glove","Перчатка","Рукавичка","nouns",""
"12","6","headphones","Наушники","Навушники","nouns",""
"12","7","jacket","Куртка","Куртка","nouns",""
"12","8","letter","Письмо","Лист","nouns",""
"12","9","neighbor","Сосед","Сусід","nouns",""
"12","10","picture","Картина / фото","Картина / фото","nouns",""
"12","11","sofa","Диван","Диван","nouns",""
"12","12","article","Статья","Стаття","nouns",""
"12","13","story","История / рассказ","Історія / розповідь","nouns",""
"12","14","song","Песня","Пісня","nouns",""
"12","15","fruit","Фрукт / фрукты","Фрукт / фрукти","nouns",""
"12","16","blue","Синий / голубой","Синій / блакитний","adjectives",""
"12","17","comfortable","Удобный","Зручний","adjectives",""
"12","18","fresh","Свежий","Свіжий","adjectives",""
"12","19","heavy","Тяжёлый","Важкий","adjectives",""
"12","20","hot","Горячий","Гарячий","adjectives",""
"12","21","interesting","Интересный","Цікавий","adjectives",""
"12","22","rare","Редкий","Рідкісний","adjectives",""
"12","23","red","Красный","Червоний","adjectives",""
"12","24","short","Короткий","Короткий","adjectives",""
"12","25","soft","Мягкий","М'який","adjectives",""
"12","26","strange","Странный","Дивний","adjectives",""
"12","27","sweet","Сладкий","Солодкий","adjectives",""
"12","28","wooden","Деревянный","Дерев'яний","adjectives",""
"12","29","warm","Тёплый","Теплий","adjectives",""
"12","30","noisy","Шумный","Шумний","adjectives",""
"12","31","bird","Птица","Птах","nouns",""
"12","32","bread","Хлеб","Хліб","nouns",""
"12","33","juice","Сок","Сік","nouns",""
"12","34","text","Текст","Текст","nouns",""
"12","35","topic","Тема","Тема","nouns",""
"12","36","word","Слово","Слово","nouns","первая форма: words -> word"
"12","37","tasty","Вкусный","Смачний","adjectives",""
"13","1","soon","Скоро","Скоро","adverbs",""
"13","2","later","Позже","Пізніше","adverbs",""
"13","3","tonight","Сегодня вечером / ночью","Сьогодні ввечері / вночі","adverbs",""
"13","4","next week","На следующей неделе","Наступного тижня","adverbs",""
"13","5","next month","В следующем месяце","Наступного місяця","adverbs",""
"13","6","in two days","Через два дня","Через два дні","adverbs",""
"13","7","in ten minutes","Через десять минут","Через десять хвилин","adverbs",""
"13","8","soup","Суп","Суп","nouns",""
"13","9","better","Лучше","Краще","adjectives",""
"13","10","early","Рано","Рано","adverbs",""
"14","1","cheaper","Дешевле · более дешёвый","Дешевший","adjectives",""
"14","2","more expensive","Дороже · более дорогой","Дорожчий","adjectives",""
"14","3","worse","Хуже (сравн. от bad)","Гірше (від bad)","adjectives",""
"14","4","happier","Счастливее","Щасливіший","adjectives",""
"14","5","more serious","Серьёзнее","Серйозніший","adjectives",""
"14","6","faster","Быстрее","Швидший","adjectives",""
"14","7","slower","Медленнее","Повільніший","adjectives",""
"14","8","easier","Проще · легче","Простіший · легший","adjectives",""
"14","9","harder","Сложнее · труднее","Складніший","adjectives",""
"14","10","more interesting","Интереснее","Цікавіший","adjectives",""
"14","11","more important","Важнее","Важливіший","adjectives",""
"14","12","safer","Безопаснее","Безпечніший","adjectives",""
"14","13","more dangerous","Опаснее","Небезпечніший","adjectives",""
"14","14","colder","Холоднее","Холодніший","adjectives",""
"14","15","warmer","Теплее","Тепліший","adjectives",""
"14","16","heavier","Тяжелее","Важчий","adjectives",""
"14","17","newer","Новее","Новіший","adjectives",""
"14","18","older","Старее","Старший","adjectives",""
"14","19","shorter","Короче","Коротший","adjectives",""
"14","20","longer","Длиннее","Довший","adjectives",""
"14","21","clearer","Понятнее · яснее","Зрозуміліший","adjectives",""
"14","22","more confusing","Более запутанный","Більш заплутаний","adjectives",""
"14","23","the best","Лучший · самый лучший","Найкращий","adjectives",""
"14","24","the worst","Худший · самый плохой","Найгірший","adjectives",""
"14","25","the cheapest","Самый дешёвый","Найдешевший","adjectives",""
"14","26","the most expensive","Самый дорогой","Найдорожчий","adjectives",""
"14","27","the fastest","Самый быстрый","Найшвидший","adjectives",""
"14","28","the slowest","Самый медленный","Найповільніший","adjectives",""
"14","29","the easiest","Самый простой","Найпростіший","adjectives",""
"14","30","the hardest","Самый сложный","Найскладніший","adjectives",""
"14","31","the safest","Самый безопасный","Найбезпечніший","adjectives",""
"14","32","the most dangerous","Самый опасный","Найнебезпечніший","adjectives",""
"14","33","more","Более (сравнение)","Більш (порівняння)","adverbs",""
"14","34","option","Вариант","Варіант","nouns",""
"14","35","lesson","Урок","Урок","nouns",""
"15","1","mine","мой; моя; моё (самост.)","мій; моя; моє (самост.)","pronouns",""
"15","2","your","твой; ваш (перед сущ.)","твій; ваш (перед ім.)","pronouns",""
"15","3","yours","твоё; ваше (самост.)","твоє; ваше (самост.)","pronouns",""
"15","4","hers","её (самост.)","її (самост.)","pronouns",""
"15","5","our","наш; наша; наше (перед сущ.)","наш; наша; наше (перед ім.)","pronouns",""
"15","6","ours","наше; наши (самост.)","наше; наші (самост.)","pronouns",""
"15","7","their","их (перед сущ.)","їхній; їхня (перед ім.)","pronouns",""
"15","8","theirs","их (самост.)","їхній; їхнє (самост.)","pronouns",""
"15","9","these","эти","ці","pronouns",""
"16","1","wake up","Просыпаться","Прокидатися","verbs",""
"16","2","get up","Вставать","Вставати","verbs",""
"16","3","put on","Надевать","Надягати","verbs",""
"16","4","take off","Снимать (одежду)","Знімати (одяг)","verbs",""
"16","5","turn on","Включать","Вмикати","verbs",""
"16","6","turn off","Выключать","Вимикати","verbs",""
"16","7","look for","Искать","Шукати","verbs",""
"16","8","clean up","Убирать · наводить порядок","Прибирати · наводити лад","verbs",""
"16","9","throw away","Выбрасывать","Викидати","verbs",""
"16","10","give back","Возвращать (отдавать обратно)","Повертати (віддавати назад)","verbs",""
"16","11","find out","Выяснять · узнавать","З'ясовувати · дізнаватися","verbs",""
"16","12","go back","Возвращаться назад","Повертатися назад","verbs",""
"16","13","light","Свет / лампа","Світло / лампа","nouns","первая форма: lights -> light"
"16","14","paper","Бумага","Папір","nouns","первая форма: papers -> paper"
"16","15","fact","Факт","Факт","nouns","первая форма: facts -> fact"
"16","16","problem","Проблема","Проблема","nouns","первая форма: problems -> problem"
"16","17","at night","Ночью","Вночі","adverbs",""
"16","18","at noon","В полдень","Опівдні","adverbs",""
"17","1","sleep","Спать","Спати","verbs",""
"17","2","go","Идти / ехать","Іти / їхати","verbs",""
"17","3","right now","Прямо сейчас","Прямо зараз","adverbs",""
"17","4","at the moment","В данный момент","На даний момент","adverbs",""
"17","5","today","Сегодня","Сьогодні","adverbs",""
"17","6","too fast","Слишком быстро","Занадто швидко","adverbs",""
"18","1","please","Пожалуйста","Будь ласка","adverbs",""
"18","2","talk","Говорить / поговорить","Говорити / поговорити","verbs",""
"19","1","under","Под","Під","adverbs",""
"19","2","next to","Рядом с","Поруч з","adverbs",""
"19","3","behind","За / позади","За / позаду","adverbs",""
"19","4","in front of","Перед","Перед","adverbs",""
"19","5","between","Между","Між","adverbs",""
"19","6","above","Над / выше","Над / вище","adverbs",""
"19","7","opposite","Напротив","Навпроти","adverbs",""
"19","8","chair","Стул","Стілець","nouns",""
"19","9","bank","Банк","Банк","nouns",""
"20","1","idea","Идея","Ідея","nouns",""
"20","2","cup","Чашка","Чашка","nouns",""
"20","3","inbox","Папка входящих","Папка вхідних","nouns",""
"21","1","someone","Кто-то (нейтрально)","Хтось (нейтрально)","pronouns",""
"21","2","somebody","Кто-то (разговорно)","Хтось (розмовно)","pronouns",""
"21","3","anyone","Кто-нибудь (нейтрально)","Хто-небудь (нейтрально)","pronouns",""
"21","4","anybody","Кто-нибудь (разговорно)","Хто-небудь (розмовно)","pronouns",""
"21","5","no one","Никто (пишется раздельно)","Ніхто (два слова в английском)","pronouns",""
"21","6","nobody","Никто (одно слово)","Ніхто (одне слово в англійській)","pronouns",""
"21","7","everyone","Все; каждый","Усі; кожен","pronouns",""
"21","8","everybody","Все люди / каждый","Усі люди / кожен","pronouns",""
"21","9","something","Что-то","Щось","pronouns",""
"21","10","anything","Что-нибудь","Що-небудь","pronouns",""
"21","11","nothing","Ничего","Нічого","pronouns",""
"21","12","everything","Всё (вещи / события)","Усе (речі / події)","pronouns",""
"21","13","happen","Происходить","Відбуватися","verbs",""
"22","1","waite","Ожидание; ждать","Очікування; чекати","verbs","первая форма: waiting -> waite"
"22","2","learn","Изучение; учеба","Вивчення; навчання","verbs","первая форма: learning -> learn"
"22","3","walk","Ходьба; гулять","Ходьба; гуляти","verbs","первая форма: walking -> walk"
"22","4","run","Бег; бегать","Біг; бігати","verbs","первая форма: running -> run"
"22","5","speake","Говорение; говорить","Говоріння; говорити","verbs","первая форма: speaking -> speake"
"22","6","studie","Учеба; учиться","Навчання; вчитися","verbs","первая форма: studying -> studie"
"22","7","spend","Трата; тратить","Витрата; витрачати","verbs","первая форма: spending -> spend"
"22","8","wast","Трата зря; тратить зря","Марна витрата; витрачати даремно","verbs","первая форма: wasting -> wast"
"22","9","cal","Звонок; звонить","Дзвінок; дзвонити","verbs","первая форма: calling -> cal"
"22","10","enjoy","Получать удовольствие; любить делать","Отримувати задоволення; любити робити","verbs",""
"22","11","hate","Ненавидеть","Ненавидіти","verbs",""
"22","12","stop","Прекращать; переставать","Припиняти; переставати","verbs",""
"22","13","avoid","Избегать","Уникати","verbs",""
"22","14","keep","Продолжать (делать)","Продовжувати (робити)","verbs",""
"22","15","suggest","Предлагать","Пропонувати","verbs",""
"22","16","practice","Практика","Практика","nouns",""
"22","17","hard","Сложный; тяжелый","Складний; важкий","adjectives",""
"23","1","sold","Продаётся / продан","Продається","verbs",""
"23","2","made","Делается / сделан","Робиться","verbs",""
"23","3","sent","Отправляется / отправлен","Надсилається","verbs",""
"23","4","used","Используется / использован","Використовується","verbs",""
"23","5","kept","Хранится / хранился","Зберігається","verbs",""
"23","6","explaine","Объясняется / объяснён","Пояснюється","verbs","первая форма: explained -> explaine"
"23","7","supporte","Поддерживается / поддержан","Підтримується","verbs","первая форма: supported -> supporte"
"23","8","solve","Решается / решён","Вирішується","verbs","первая форма: solved -> solve"
"23","9","invite","Приглашается / приглашён","Запрошується","verbs","первая форма: invited -> invite"
"23","10","signe","Подписывается / подписан","Підписується","verbs","первая форма: signed -> signe"
"23","11","carefully","Внимательно","Уважно","adverbs",""
"23","12","quickly","Быстро","Швидко","adverbs",""
"23","13","clearly","Чётко","Чітко","adverbs",""
"23","14","on time","Вовремя","Вчасно","adverbs",""
"23","15","make","Делать","Робити","verbs",""
"23","16","hold","Держать, проводить","Тримати, проводити","verbs",""
"24","1","just","Только что","Щойно","adverbs",""
"24","2","already","Уже","Вже","adverbs",""
"24","3","yet","Ещё (в отриц.) / уже (в вопросе)","Ще / вже","adverbs",""
"24","4","ever","Когда-нибудь","Коли-небудь","adverbs",""
"24","5","never","Никогда","Ніколи","adverbs",""
"24","6","before","Раньше","Раніше","adverbs",""
"24","7","found","Нашёл","Знайшов","verbs",""
"24","8","seen","Видел","Бачив","verbs",""
"24","9","chosen","Выбрал","Обрав","verbs",""
"24","10","done","Сделал / завершил","Зробив / завершив","verbs",""
"24","11","met","Встретил","Зустрів","verbs",""
"24","12","lost","Потерял","Загубив","verbs",""
"24","13","paid","Заплатил","Заплатив","verbs",""
"24","14","bought","Купил","Купив","verbs",""
"24","15","find","Находить","Знаходити","verbs",""
"24","16","meet","Встретить; познакомиться","Зустріти; познайомитися","verbs",""
"25","1","while","Пока","Поки","adverbs",""
"25","2","at that time","В тот момент","У той момент","adverbs",""
"25","3","at midnight","В полночь","Опівночі","adverbs",""
"25","4","last night","Прошлой ночью","Минулої ночі","adverbs",""
"25","5","yesterday evening","Вчера вечером","Вчора ввечері","adverbs",""
"25","6","looking for","Искал","Шукав","verbs",""
"25","7","eate","Ел","Їв","verbs","первая форма: eating -> eate"
"25","8","crie","Плакала","Плакала","verbs","первая форма: crying -> crie"
"25","9","rain","Шёл дождь","Йшов дощ","verbs","первая форма: raining -> rain"
"25","10","fast","Быстро","Швидко","adverbs",""
"25","11","then","Тогда","Тоді","adverbs",""
"25","12","knock","Стучать","Стукати","verbs",""
"25","13","bus","Автобус","Автобус","nouns",""
"26","1","if","Если","Якщо","adverbs",""
"26","2","improve","Улучшаться","Покращуватися","verbs",""
"26","3","restart","Перезапустить","Перезапустити","verbs",""
"26","4","button","Кнопка","Кнопка","nouns",""
"26","5","less","Меньше","Менше","adverbs",""
"26","6","ourselves","Сами","Самі","pronouns",""
"26","7","without","Без","Без","adverbs",""
"26","8","save money","Сэкономить деньги","Заощадити гроші","verbs",""
"26","9","stay home","Остаться дома","Залишитися вдома","verbs",""
"26","10","come back","Вернуться","Повернутися","verbs",""
"26","11","heat","Нагревать","Нагрівати","verbs",""
"26","12","press","Нажимать","Натискати","verbs",""
"27","1","admit","Признавать","Визнавати","verbs",""
"27","2","promise","Обещать","Обіцяти","verbs",""
"27","3","warn","Предупреждать","Попереджати","verbs",""
"27","4","reply","Отвечать","Відповідати","verbs",""
"27","5","experienced","Опытный","Досвідчений","adjectives",""
"27","6","reliable","Надежный","Надійний","adjectives",""
"27","7","honest","Честный","Чесний","adjectives",""
"27","8","still","Всё ещё","Ще","adverbs",""
"27","9","contract","Контракт","Контракт","nouns",""
"28","1","myself","Себя / сам (я)","Себе / сам (я)","pronouns",""
"28","2","yourself","Себя / сам (ты/вы)","Себе / сам (ти/ви)","pronouns",""
"28","3","himself","Себя / сам (он)","Себе / сам (він)","pronouns",""
"28","4","herself","Себя / сама","Себе / сама","pronouns",""
"28","5","itself","Себя / само","Себе / само","pronouns",""
"28","6","yourselves","Себя / сами (вы)","Себе / самі (ви)","pronouns",""
"28","7","themselves","Себя / сами (они)","Себе / самі (вони)","pronouns",""
"28","8","control","Контролировать себя","Контролювати себе","verbs",""
"28","9","force","Заставить себя","Змусити себе","verbs",""
"28","10","forgive","Простить себя","Пробачити себе","verbs",""
"28","11","blame","Винить себя","Звинувачувати себе","verbs",""
"28","12","remind","Напомнить себе","Нагадати собі","verbs",""
"28","13","truth","Правда","Правда","nouns",""
"28","14","take care of","Заботиться о","Піклуватися про","verbs",""
"29","1","used to","Раньше обычно","Раніше зазвичай","verbs",""
"29","2","shy","Стеснительный","Сором'язливий","adjectives",""
"29","3","patient","Терпеливый","Терплячий","adjectives",""
"29","4","confidently","Уверенно","Впевнено","adverbs",""
"29","5","play","Играть","Грати","verbs",""
"30","1","that","Который (универсально)","Що / який (універсально)","pronouns",""
"30","2","whose","Чей / чья / чьи","Чий / чия / чиї","pronouns",""
"30","3","stay","Останавливаться","Зупинятися","verbs",""
"30","4","person","Человек","Людина","nouns",""
"30","5","nearby","Рядом / неподалёку","Поруч / неподалік","adverbs",""
"31","1","demand","Требовать","Вимагати","verbs",""
"31","2","conduct","Проводить","Проводити","verbs",""
"31","3","verify","Проверять","Перевіряти","verbs",""
"31","4","carpenter","Плотник","Тесляр","nouns",""
"31","5","supplier","Поставщик","Постачальник","nouns",""
"31","6","tenant","Жилец","Мешканець","nouns",""
"31","7","thesis","Диссертация","Дисертація","nouns",""
"31","8","tremor","Толчок","Поштовх","nouns",""
"31","9","injection","Инъекция","Ін'єкція","nouns",""
"31","10","forecast","Прогноз","Прогноз","nouns",""
"31","11","furious","Разъяренный","Розлючений","adjectives",""
"31","12","pale","Бледный","Блідий","adjectives",""
"31","13","painless","Безболезненный","Безболісний","adjectives",""
"31","14","perfectly","Идеально","Ідеально","adverbs",""
"31","15","efficiently","Эффективно","Ефективно","adverbs",""
"31","16","flight","Полёт, рейс","Політ, рейс","nouns",""
"31","17","procedure","Процедура","Процедура","nouns",""
"31","18","raindrop","Капля дождя","Крапля дощу","nouns",""
"31","19","shoulder","Плечо","Плече","nouns",""
"31","20","jazz","Джаз","Джаз","nouns",""
"31","21","composition","Сочинение, состав","Твір, склад","nouns",""
"31","22","earth","Земля (планета); почва","Земля; ґрунт","nouns",""
"31","23","unknown","Неизвестный","Невідомий","adjectives",""
"31","24","slot","Слот, щель","Слот, щілина","nouns",""
"31","25","protester","Протестующий","Протестувальник","nouns",""
"31","26","political","Политический","Політичний","adjectives",""
"31","27","slogan","Лозунг","Гасло","nouns",""
"31","28","strike","Удар; забастовка","Удар; страйк","nouns",""
"31","29","lonely","Одинокий","Самотній","adjectives",""
"31","30","face","Лицо; лицом к","Обличчя; зіткнутися","nouns",""
"31","31","production","Производство, постановка","Виробництво, вистава","nouns",""
"31","32","quota","Квота, норма","Квота, норма","nouns",""
"31","33","trunk","Багажник; ствол","Багажник; стовбур","nouns",""
"31","34","layer","Слой","Шар","nouns",""
"31","35","genius","Гений","Геній","nouns",""
"31","36","refund","Возврат (денег)","Повернення (коштів)","nouns",""
"31","37","fabric","Ткань","Тканина","nouns",""
"31","38","sensitive","Чувствительный","Чутливий","adjectives",""
"31","39","skin","Кожа","Шкіра","nouns",""
"31","40","archaeologist","Археолог (AmE)","Археолог (AmE)","nouns",""
"31","41","rewrite","Переписать","Переписати","verbs",""
"31","42","graduation","Выпуск (из учебного)","Випуск (закінчення)","nouns",""
"31","43","violinist","Скрипач(ка)","Скрипаль(ка)","nouns",""
"31","44","melody","Мелодия","Мелодія","nouns",""
"31","45","square","Площадь, квадратный","Площа, квадратний","nouns",""
"31","46","steam","Пар","Пар","nouns",""
"31","47","mayor","Мэр","Мер","nouns",""
"31","48","arm","Рука (от плеча до кисти)","Рука (від плеча до кисті)","nouns",""
"31","49","hand","Рука (кисть)","Рука (кисть)","nouns",""
"31","50","bare","Голый, оголённый","Голий, оголений","adjectives",""
"31","51","child","Ребёнок","Дитина","nouns",""
"31","52","chocolate","Шоколадный","Шоколадний","adjectives",""
"31","53","cake","Торт","Торт","nouns",""
"31","54","little","Маленький","Маленький","adjectives",""
"31","55","notice","Замечать","Помічати","verbs",""
"31","56","shout","Кричать","Кричати","verbs",""
"31","57","loud","Громкий","Гучний","adjectives",""
"31","58","bright","Яркий","Яскравий","adjectives",""
"31","59","hill","Холм","Пагорб","nouns",""
"31","60","lazy","Ленивый","Лінивий","adjectives",""
"31","61","manager","Менеджер","Менеджер","nouns",""
"31","62","worker","Работник","Працівник","nouns",""
"31","63","necessary","Необходимый","Необхідний","adjectives",""
"31","64","construction","Строительный","Будівельний","adjectives",""
"31","65","material","Материал","Матеріал","nouns","первая форма: materials -> material"
"31","66","foreign","Иностранный","Іноземний","adjectives",""
"31","67","inspect","Проверять / осматривать","Перевіряти / оглядати","verbs",""
"31","68","modern","Современный","Сучасний","adjectives",""
"31","69","chemical","Химический","Хімічний","adjectives",""
"31","70","pierce","Прокалывать","Проколювати","verbs",""
"31","71","thick","Толстый","Товстий","adjectives",""
"31","72","protective","Защитный","Захисний","adjectives",""
"31","73","young","Молодой","Молодий","adjectives",""
"31","74","secret","Секретный","Таємний","adjectives",""
"31","75","government","Правительство","Уряд","nouns",""
"31","76","farmer","Фермер","Фермер","nouns",""
"31","77","irrigation","Ирригационный","Зрошувальний","adjectives",""
"31","78","system","Система","Система","nouns",""
"31","79","customer","Клиент","Клієнт","nouns",""
"31","80","immediate","Немедленный","Негайний","adjectives",""
"31","81","woolen","Шерстяной","Вовняний","adjectives",""
"31","82","gold","Золотой","Золотий","adjectives",""
"31","83","coin","Монета","Монета","nouns",""
"31","84","wise","Мудрый","Мудрий","adjectives",""
"31","85","mentor","Наставник","Наставник","nouns",""
"31","86","talented","Талантливый","Талановитий","adjectives",""
"31","87","perform","Исполнять","Виконувати","verbs",""
"31","88","burn","Жечь / обжигать","Пекти / обпікати","verbs",""
"31","89","local","Местный","Місцевий","adjectives",""
"31","90","interview","Брать интервью","Брати інтерв'ю","verbs",""
"31","91","knee","Колено","Коліно","nouns",""
"31","92","engineer","Инженер","Інженер","nouns",""
"31","93","test","Тестировать","Тестувати","verbs",""
"31","94","solar","Солнечный","Сонячний","adjectives",""
"31","95","reach","Достигать","Досягати","verbs",""
"31","96","eye","Глаз","Око","nouns","первая форма: eyes -> eye"
"31","97","tall","Высокий (о росте)","Високий (про зріст)","adjectives",""
"31","98","crowded","Многолюдный","Людний","adjectives",""
"31","99","brave","Смелый","Хоробрий","adjectives",""
"31","100","panicked","Охваченный паникой","Охоплений панікою","adjectives",""
"31","101","family","Семья","Родина","nouns",""
"31","102","follow","Следовать / идти за","Слідувати / іти за","verbs",""
"31","103","couple","Пара","Пара","nouns",""
"31","104","candidate","Кандидат","Кандидат","nouns",""
"31","105","artist","Художник","Художник","nouns",""
"31","106","massive","Огромный / массивный","Величезний / масивний","adjectives",""
"31","107","push","Толкать","Штовхати","verbs",""
"31","108","list","Список","Список","nouns",""
"31","109","nurse","Медсестра","Медсестра","nouns",""
"31","110","bitter","Горький","Гіркий","adjectives",""
"31","111","drop","Ронять","Кидати / ронити","verbs",""
"31","112","metal","Металлический","Металевий","adjectives",""
"31","113","storm","Ливень / шторм","Злива / шторм","nouns",""
"31","114","wild","Дикий","Дикий","adjectives",""
"31","115","horse","Лошадь","Кінь","nouns",""
"31","116","jump","Прыгать","Стрибати","verbs",""
"31","117","high","Высокий (по высоте)","Високий (за висотою)","adjectives",""
"31","118","judge","Судья","Суддя","nouns",""
"31","119","announce","Объявлять","Оголошувати","verbs",""
"31","120","surprising","Удивительный","Дивовижний","adjectives",""
"31","121","whole","Весь / целый","Весь / цілий","adjectives",""
"31","122","helpful","Полезный / готовый помочь","Корисний / готовий допомогти","adjectives",""
"31","123","tourist","Турист","Турист","nouns",""
"31","124","firm","Строгий / твёрдый","Суворий / твердий","adjectives",""
"31","125","employee","Сотрудник","Працівник / співробітник","nouns",""
"31","126","boring","Скучный","Нудний","adjectives",""
"31","127","skilled","Опытный / умелый","Досвідчений / вмілий","adjectives",""
"32","1","be used to","Быть привыкшим к","Бути звиклим до","verbs",""
"32","2","waking up","Просыпаться","Прокидатися","verbs",""
"32","3","teacher","Учитель","Вчитель","nouns",""
"32","4","vibrate","Вибрировать","Вібрувати","verbs",""
"32","5","would rather","Предпочёл бы","Волів би","verbs",""
"32","6","earlier","Раньше","Раніше","adverbs",""
"32","7","since","С (момента)","З (часу)","adverbs",""
